generator_depth	generator_base_breadth	assemble_loss_weights	alpha	min_data_size	max_data_size	batch_size	augmentation_dict	epochs	patience
4	16	0.8	0.2	256	512	16	{}	100000	100
d_loss	g_loss	mae	val_loss	val_mae
0.9106305241584778	0.9991158246994019	0.6660270690917969	0.6146574020385742	0.6146574020385742
0.7839404344558716	0.8826757669448853	0.5943780541419983	0.5446239709854126	0.5446239709854126
0.6964040994644165	0.8328825831413269	0.5129862427711487	0.492336630821228	0.492336630821228
0.6324636936187744	0.7543504238128662	0.4620709717273712	0.440944105386734	0.440944105386734
0.6052227020263672	0.6547536849975586	0.4251766800880432	0.40932777523994446	0.40932777523994446
0.48892390727996826	0.5900608897209167	0.3935295045375824	0.3761090934276581	0.3761090934276581
0.45913246273994446	0.5544953942298889	0.364242821931839	0.34444135427474976	0.34444135427474976
0.4736592471599579	0.48508507013320923	0.3284599184989929	0.32214584946632385	0.32214584946632385
0.4208599925041199	0.4630082845687866	0.31114640831947327	0.29589033126831055	0.29589033126831055
0.42239171266555786	0.42505574226379395	0.2883048951625824	0.278047651052475	0.278047651052475
0.4190414845943451	0.4256340265274048	0.27518999576568604	0.26403477787971497	0.26403477787971497
0.40815269947052	0.3993457853794098	0.2603980004787445	0.2539965510368347	0.2539965510368347
0.3815003037452698	0.39039766788482666	0.24913236498832703	0.23993487656116486	0.23993487656116486
0.37968581914901733	0.38137003779411316	0.23819999396800995	0.2305058240890503	0.2305058240890503
0.39135822653770447	0.3579919934272766	0.22617344558238983	0.21820321679115295	0.21820321679115295
0.40959542989730835	0.3531738519668579	0.21821510791778564	0.21415993571281433	0.21415993571281433
0.38505759835243225	0.3478289842605591	0.20822036266326904	0.20569540560245514	0.20569540560245514
0.39210012555122375	0.3412090539932251	0.20235846936702728	0.19972926378250122	0.19972926378250122
0.3890753388404846	0.3446905016899109	0.20010285079479218	0.1950475573539734	0.1950475573539734
0.39911651611328125	0.3240296244621277	0.19073033332824707	0.18695832788944244	0.18695832788944244
0.38947245478630066	0.3038747310638428	0.1814892590045929	0.1802314966917038	0.1802314966917038
0.4106486141681671	0.3352394104003906	0.1839241236448288	0.17583315074443817	0.17583315074443817
0.38872307538986206	0.3017280697822571	0.1738942563533783	0.17123806476593018	0.17123806476593018
0.37613579630851746	0.308715283870697	0.17065578699111938	0.1657291054725647	0.1657291054725647
0.38987961411476135	0.29429328441619873	0.16845548152923584	0.16231125593185425	0.16231125593185425
0.38674524426460266	0.28909745812416077	0.1608857810497284	0.1583540141582489	0.1583540141582489
0.3712184429168701	0.2904176712036133	0.15237611532211304	0.15443338453769684	0.15443338453769684
0.3983760178089142	0.2930028438568115	0.15207694470882416	0.15123996138572693	0.15123996138572693
0.38635507225990295	0.28968799114227295	0.1500072032213211	0.14845679700374603	0.14845679700374603
0.3950131833553314	0.29160645604133606	0.14770962297916412	0.14560475945472717	0.14560475945472717
0.36992931365966797	0.29216960072517395	0.14617875218391418	0.1450355052947998	0.1450355052947998
0.3719158172607422	0.27431342005729675	0.1416630744934082	0.14171995222568512	0.14171995222568512
0.3764321208000183	0.26408591866493225	0.13917404413223267	0.1399279087781906	0.1399279087781906
0.36844581365585327	0.27521729469299316	0.13959290087223053	0.13923485577106476	0.13923485577106476
0.3836473226547241	0.25463366508483887	0.13686002790927887	0.13724234700202942	0.13724234700202942
0.3744410574436188	0.2752729654312134	0.1392481029033661	0.13386665284633636	0.13386665284633636
0.3637448847293854	0.27442991733551025	0.13527539372444153	0.1318831741809845	0.1318831741809845
0.36729928851127625	0.25760793685913086	0.12308348715305328	0.13203057646751404	0.13203057646751404
0.3672322928905487	0.24780027568340302	0.12559811770915985	0.12901043891906738	0.12901043891906738
0.3625192940235138	0.25230473279953003	0.12434200942516327	0.12742990255355835	0.12742990255355835
0.38313379883766174	0.2565936744213104	0.13268806040287018	0.12649233639240265	0.12649233639240265
0.3575389087200165	0.2533743977546692	0.12333165854215622	0.1240403950214386	0.1240403950214386
0.3779863715171814	0.2566978931427002	0.12042973190546036	0.12263640761375427	0.12263640761375427
0.3745264410972595	0.2407553791999817	0.12034031748771667	0.12131313979625702	0.12131313979625702
0.36890992522239685	0.25038957595825195	0.12584470212459564	0.12112888693809509	0.12112888693809509
0.36162152886390686	0.2673337161540985	0.12540486454963684	0.12417686730623245	0.12417686730623245
0.3701809048652649	0.25929898023605347	0.12810876965522766	0.12181846052408218	0.12181846052408218
0.39281436800956726	0.23111997544765472	0.12355886399745941	0.11733977496623993	0.11733977496623993
0.39086753129959106	0.21876752376556396	0.11561064422130585	0.11606192588806152	0.11606192588806152
0.3816694915294647	0.20710229873657227	0.1139257624745369	0.11567813158035278	0.11567813158035278
0.3447803556919098	0.24344918131828308	0.11276398599147797	0.11495800316333771	0.11495800316333771
0.35201936960220337	0.25333550572395325	0.1130046471953392	0.11663641780614853	0.11663641780614853
0.3620642125606537	0.23028521239757538	0.1115475594997406	0.11245173215866089	0.11245173215866089
0.35383346676826477	0.23628634214401245	0.11113588511943817	0.11137279123067856	0.11137279123067856
0.36180102825164795	0.216691255569458	0.10625629127025604	0.11082527041435242	0.11082527041435242
0.3656625747680664	0.23033718764781952	0.10579217970371246	0.11064640432596207	0.11064640432596207
0.35190361738204956	0.2465052306652069	0.11198443174362183	0.10981045663356781	0.10981045663356781
0.3569040596485138	0.23511190712451935	0.11521157622337341	0.10946502536535263	0.10946502536535263
0.35043999552726746	0.22881826758384705	0.11460530757904053	0.10861334949731827	0.10861334949731827
0.3693889081478119	0.20946012437343597	0.11129942536354065	0.10969201475381851	0.10969201475381851
0.3521268367767334	0.23623865842819214	0.10021577775478363	0.11246379464864731	0.11246379464864731
0.3378901779651642	0.22553503513336182	0.10674957931041718	0.10947205126285553	0.10947205126285553
0.3519513010978699	0.23128461837768555	0.1009598895907402	0.11106263846158981	0.11106263846158981
0.3491339087486267	0.24532827734947205	0.10859191417694092	0.10737347602844238	0.10737347602844238
0.34436485171318054	0.2401481717824936	0.10761751234531403	0.10617358982563019	0.10617358982563019
0.3373519778251648	0.2519364655017853	0.10754184424877167	0.10577360540628433	0.10577360540628433
0.3370749354362488	0.21780280768871307	0.10416489094495773	0.1043720468878746	0.1043720468878746
0.33915987610816956	0.24563580751419067	0.10463126003742218	0.10352884232997894	0.10352884232997894
0.33781898021698	0.23348939418792725	0.10265335440635681	0.10251475870609283	0.10251475870609283
0.3289516568183899	0.2299843430519104	0.10199408233165741	0.10593277961015701	0.10593277961015701
0.3169732391834259	0.23306144773960114	0.10735401511192322	0.1009448915719986	0.1009448915719986
0.3616783022880554	0.20836317539215088	0.09918411076068878	0.1024332046508789	0.1024332046508789
0.3344520926475525	0.22095134854316711	0.09341937303543091	0.10496784001588821	0.10496784001588821
0.3349542021751404	0.23008254170417786	0.09033918380737305	0.10855033248662949	0.10855033248662949
0.33860042691230774	0.22683361172676086	0.09427063912153244	0.1034402847290039	0.1034402847290039
0.32653313875198364	0.23517851531505585	0.10427513718605042	0.10137905925512314	0.10137905925512314
0.32299745082855225	0.2310829758644104	0.09809984266757965	0.09934549033641815	0.09934549033641815
0.31698620319366455	0.22421035170555115	0.09668911248445511	0.09909238666296005	0.09909238666296005
0.33311644196510315	0.22461426258087158	0.09855112433433533	0.09932413697242737	0.09932413697242737
0.3470657169818878	0.2144918441772461	0.09837620705366135	0.09871610999107361	0.09871610999107361
0.33802181482315063	0.22054970264434814	0.09933110326528549	0.100153848528862	0.100153848528862
0.3350563645362854	0.22228822112083435	0.1063728854060173	0.0984971672296524	0.0984971672296524
0.3621360957622528	0.22803303599357605	0.10167207568883896	0.09865333139896393	0.09865333139896393
0.31820839643478394	0.22420838475227356	0.0954773798584938	0.10055318474769592	0.10055318474769592
0.39021265506744385	0.22808770835399628	0.09021386504173279	0.10199800133705139	0.10199800133705139
0.36394697427749634	0.21032515168190002	0.08791227638721466	0.09791666269302368	0.09791666269302368
0.3563465178012848	0.2025621086359024	0.09224575757980347	0.09715370833873749	0.09715370833873749
0.36617961525917053	0.1960965394973755	0.09472072124481201	0.09556091576814651	0.09556091576814651
0.3508981466293335	0.1926480233669281	0.09463563561439514	0.09418059885501862	0.09418059885501862
0.37180423736572266	0.178716778755188	0.08608981966972351	0.09469861537218094	0.09469861537218094
0.36287838220596313	0.20113003253936768	0.09342183917760849	0.09433765709400177	0.09433765709400177
0.3205321431159973	0.22986860573291779	0.09324783086776733	0.09958069771528244	0.09958069771528244
0.379597932100296	0.20737424492835999	0.09766218811273575	0.09555847197771072	0.09555847197771072
0.34992021322250366	0.19842815399169922	0.10197381675243378	0.09666847437620163	0.09666847437620163
0.36366036534309387	0.1732058823108673	0.09730491042137146	0.09552770107984543	0.09552770107984543
0.3462834656238556	0.18964406847953796	0.08322656154632568	0.10176242887973785	0.10176242887973785
0.36330410838127136	0.1647593230009079	0.08388597518205643	0.10088728368282318	0.10088728368282318
0.3569694757461548	0.20036587119102478	0.08979979157447815	0.09500215202569962	0.09500215202569962
0.3717082440853119	0.16783443093299866	0.09199497848749161	0.09228634089231491	0.09228634089231491
0.3344082832336426	0.19068655371665955	0.089540496468544	0.09244586527347565	0.09244586527347565
0.3424704968929291	0.18848073482513428	0.09090979397296906	0.09197916835546494	0.09197916835546494
0.3653114438056946	0.17166540026664734	0.08761011064052582	0.09331520646810532	0.09331520646810532
0.3300718069076538	0.20949986577033997	0.09174919128417969	0.09150690585374832	0.09150690585374832
0.35416847467422485	0.18650579452514648	0.08960998058319092	0.09049558639526367	0.09049558639526367
0.31855082511901855	0.2065710425376892	0.09395907819271088	0.09172181040048599	0.09172181040048599
0.33262693881988525	0.20517921447753906	0.09749766439199448	0.09034710377454758	0.09034710377454758
0.34557604789733887	0.2177877426147461	0.09266338497400284	0.09284182637929916	0.09284182637929916
0.331026166677475	0.18912169337272644	0.0807308629155159	0.0999375507235527	0.0999375507235527
0.37167084217071533	0.17579255998134613	0.08456782251596451	0.09574750065803528	0.09574750065803528
0.33404359221458435	0.1971186399459839	0.08410972356796265	0.09053507447242737	0.09053507447242737
0.3399185240268707	0.18647454679012299	0.08503635972738266	0.08950237184762955	0.08950237184762955
0.36300915479660034	0.19226181507110596	0.0857100561261177	0.09066732972860336	0.09066732972860336
0.33902689814567566	0.1925705075263977	0.09037929773330688	0.08907302469015121	0.08907302469015121
0.33966055512428284	0.204957515001297	0.08461184799671173	0.08996240049600601	0.08996240049600601
0.33433017134666443	0.19352740049362183	0.08489378541707993	0.08881371468305588	0.08881371468305588
0.33605122566223145	0.19912278652191162	0.08763793855905533	0.08998183161020279	0.08998183161020279
0.35200029611587524	0.1826259046792984	0.0900675505399704	0.09020788222551346	0.09020788222551346
0.3380454182624817	0.2021925002336502	0.09377188980579376	0.08926030248403549	0.08926030248403549
0.3445581793785095	0.18913954496383667	0.09013550728559494	0.08856157213449478	0.08856157213449478
0.33533698320388794	0.1733168661594391	0.08145963400602341	0.09641517698764801	0.09641517698764801
0.33453020453453064	0.19103461503982544	0.08321931958198547	0.08922028541564941	0.08922028541564941
0.32503485679626465	0.19270619750022888	0.07871053367853165	0.08848357200622559	0.08848357200622559
0.335270494222641	0.18774950504302979	0.08482841402292252	0.08785706758499146	0.08785706758499146
0.32924941182136536	0.18981099128723145	0.08714457601308823	0.08804582059383392	0.08804582059383392
0.33087655901908875	0.1940533071756363	0.08964090049266815	0.08732378482818604	0.08732378482818604
0.33875763416290283	0.20383934676647186	0.08545998483896255	0.08869493752717972	0.08869493752717972
0.3447529971599579	0.18963006138801575	0.08388905227184296	0.0922706201672554	0.0922706201672554
0.3470804989337921	0.18495337665081024	0.08536002784967422	0.08803744614124298	0.08803744614124298
0.33653587102890015	0.18747499585151672	0.08806762099266052	0.08919531106948853	0.08919531106948853
0.336704283952713	0.2157112956047058	0.0936548188328743	0.0871969610452652	0.0871969610452652
0.3338364362716675	0.19053137302398682	0.09334709495306015	0.0889652892947197	0.0889652892947197
0.32496675848960876	0.20870333909988403	0.08802203834056854	0.08931446075439453	0.08931446075439453
0.3541138172149658	0.18382549285888672	0.08345672488212585	0.08934210985898972	0.08934210985898972
0.32313284277915955	0.20342862606048584	0.08566268533468246	0.0890447199344635	0.0890447199344635
0.33640816807746887	0.19257976114749908	0.0824958086013794	0.08903583884239197	0.08903583884239197
0.33260875940322876	0.19460442662239075	0.08556514978408813	0.08786341547966003	0.08786341547966003
0.34051117300987244	0.1836559772491455	0.0842481404542923	0.0886164978146553	0.0886164978146553
0.36947834491729736	0.17590558528900146	0.0864388644695282	0.08803485333919525	0.08803485333919525
0.3658401370048523	0.1748211681842804	0.08422189950942993	0.08853393793106079	0.08853393793106079
0.3530822992324829	0.1807144582271576	0.08687413483858109	0.0885554701089859	0.0885554701089859
0.3615714907646179	0.18994487822055817	0.08856275677680969	0.08707557618618011	0.08707557618618011
0.34291669726371765	0.17855608463287354	0.09179370850324631	0.08916601538658142	0.08916601538658142
0.35623493790626526	0.17011390626430511	0.09118819981813431	0.08629366755485535	0.08629366755485535
0.3469462990760803	0.18817195296287537	0.08917223662137985	0.09422290325164795	0.09422290325164795
0.3535286486148834	0.16652467846870422	0.07906576246023178	0.0957866683602333	0.0957866683602333
0.3691822588443756	0.1692514717578888	0.08147755265235901	0.09360428899526596	0.09360428899526596
0.3555382490158081	0.16179178655147552	0.08104191720485687	0.08897630125284195	0.08897630125284195
0.3503383696079254	0.18636061251163483	0.08804777264595032	0.08955845236778259	0.08955845236778259
0.37555623054504395	0.18012303113937378	0.08643896132707596	0.0904250517487526	0.0904250517487526
0.3572867810726166	0.19021305441856384	0.08602016419172287	0.09333708137273788	0.09333708137273788
0.38509222865104675	0.19894441962242126	0.08241596817970276	0.08728981018066406	0.08728981018066406
0.35765451192855835	0.197722390294075	0.08732526004314423	0.08660883456468582	0.08660883456468582
0.36250418424606323	0.16615569591522217	0.08538363128900528	0.08634807169437408	0.08634807169437408
0.35690024495124817	0.18299171328544617	0.0905933603644371	0.08838160336017609	0.08838160336017609
0.3555295765399933	0.18905788660049438	0.09095273166894913	0.08871015161275864	0.08871015161275864
0.3568335771560669	0.18161624670028687	0.08540933579206467	0.08602418750524521	0.08602418750524521
0.3728541433811188	0.16658471524715424	0.07258893549442291	0.08750157058238983	0.08750157058238983
0.34791162610054016	0.18767671287059784	0.07848384976387024	0.0874137356877327	0.0874137356877327
0.3560021221637726	0.18301239609718323	0.07443466782569885	0.08663477003574371	0.08663477003574371
0.36051881313323975	0.16359779238700867	0.08122014254331589	0.0884886234998703	0.0884886234998703
0.36004185676574707	0.17425242066383362	0.0805879756808281	0.08617911487817764	0.08617911487817764
0.34094884991645813	0.18130740523338318	0.08672402799129486	0.08635503053665161	0.08635503053665161
0.35200703144073486	0.1911303699016571	0.0837673544883728	0.08619178086519241	0.08619178086519241
0.3686758875846863	0.19359436631202698	0.08185873180627823	0.08881165087223053	0.08881165087223053
0.34586066007614136	0.18242061138153076	0.08343145996332169	0.08890500664710999	0.08890500664710999
0.3649747371673584	0.19350111484527588	0.09011198580265045	0.09644714742898941	0.09644714742898941
0.3535465896129608	0.17451351881027222	0.09237605333328247	0.08948084712028503	0.08948084712028503
0.3670450448989868	0.18372532725334167	0.08959411829710007	0.0928000658750534	0.0928000658750534
0.34857046604156494	0.1653119921684265	0.08543870598077774	0.0947861298918724	0.0947861298918724
0.3431788682937622	0.17859578132629395	0.08198069036006927	0.0897279903292656	0.0897279903292656
0.3468523919582367	0.1821727454662323	0.07734239846467972	0.08704177290201187	0.08704177290201187
0.33243685960769653	0.18168878555297852	0.08149323612451553	0.08581292629241943	0.08581292629241943
0.35197392106056213	0.16855072975158691	0.08221802115440369	0.08594069629907608	0.08594069629907608
0.3483777940273285	0.19025926291942596	0.08132562041282654	0.08598346263170242	0.08598346263170242
0.34421268105506897	0.17954771220684052	0.07939150929450989	0.08924108743667603	0.08924108743667603
0.3428688049316406	0.17848263680934906	0.07887490838766098	0.08584462851285934	0.08584462851285934
0.3468361496925354	0.17728844285011292	0.08197842538356781	0.08529271185398102	0.08529271185398102
0.34463828802108765	0.1950843334197998	0.08409386873245239	0.09085045009851456	0.09085045009851456
0.3459247946739197	0.1911388635635376	0.09010816365480423	0.08726407587528229	0.08726407587528229
0.35652634501457214	0.16938456892967224	0.08738277107477188	0.08613429963588715	0.08613429963588715
0.33418020606040955	0.18097758293151855	0.08622059226036072	0.08794675022363663	0.08794675022363663
0.36741340160369873	0.18506473302841187	0.08317238837480545	0.0861426368355751	0.0861426368355751
0.359855592250824	0.1713239848613739	0.08066349476575851	0.08611524105072021	0.08611524105072021
0.3595423400402069	0.15148702263832092	0.07772272825241089	0.08385708183050156	0.08385708183050156
0.34467700123786926	0.19257640838623047	0.08427425473928452	0.08829335123300552	0.08829335123300552
0.3444119691848755	0.16998408734798431	0.08011315762996674	0.08536869287490845	0.08536869287490845
0.3514472246170044	0.1603517234325409	0.08216331899166107	0.08531327545642853	0.08531327545642853
0.3521321713924408	0.17304828763008118	0.07591254264116287	0.08881264925003052	0.08881264925003052
0.354317843914032	0.15814369916915894	0.0832488089799881	0.08349908143281937	0.08349908143281937
0.3456670045852661	0.19230076670646667	0.08534614741802216	0.0856986790895462	0.0856986790895462
0.3460884690284729	0.19589363038539886	0.08816486597061157	0.08380509167909622	0.08380509167909622
0.36713534593582153	0.16691400110721588	0.08489623665809631	0.08407757431268692	0.08407757431268692
0.3630043566226959	0.17461729049682617	0.08603484183549881	0.08617550134658813	0.08617550134658813
0.3538500666618347	0.16423936188220978	0.07953810691833496	0.08799218386411667	0.08799218386411667
0.35143551230430603	0.177202507853508	0.07345660775899887	0.08687613904476166	0.08687613904476166
0.3565334379673004	0.15093156695365906	0.07572298496961594	0.08529411256313324	0.08529411256313324
0.3608282804489136	0.1792757213115692	0.08116918057203293	0.08506456017494202	0.08506456017494202
0.33868086338043213	0.18935896456241608	0.07923796772956848	0.08380844444036484	0.08380844444036484
0.3571006655693054	0.17785616219043732	0.0838550478219986	0.08560102432966232	0.08560102432966232
0.3733687400817871	0.15603405237197876	0.07676853239536285	0.08478456735610962	0.08478456735610962
0.3434010446071625	0.19200167059898376	0.08211567252874374	0.08475141227245331	0.08475141227245331
0.3371722102165222	0.17706747353076935	0.07955458015203476	0.08445749431848526	0.08445749431848526
0.3589297831058502	0.19914713501930237	0.08820926398038864	0.09117577970027924	0.09117577970027924
0.3509972095489502	0.20916974544525146	0.09356088936328888	0.12372798472642899	0.12372798472642899
0.36154884099960327	0.16299229860305786	0.09711305797100067	0.1004551574587822	0.1004551574587822
0.3643704056739807	0.1820857673883438	0.08164491504430771	0.0929616391658783	0.0929616391658783
0.36351072788238525	0.162287175655365	0.07686731964349747	0.08837961405515671	0.08837961405515671
0.363164484500885	0.16715452075004578	0.07808409631252289	0.08844616264104843	0.08844616264104843
0.3631451725959778	0.17962303757667542	0.08104999363422394	0.08853216469287872	0.08853216469287872
0.360513836145401	0.17172303795814514	0.08552858233451843	0.0865844339132309	0.0865844339132309
0.34104475378990173	0.18930065631866455	0.08500427007675171	0.08466879278421402	0.08466879278421402
0.3553584814071655	0.1742325872182846	0.08013743907213211	0.08426094055175781	0.08426094055175781
0.34091871976852417	0.18243110179901123	0.0833788812160492	0.08569011837244034	0.08569011837244034
0.3438930809497833	0.1928059607744217	0.08333185315132141	0.08846825361251831	0.08846825361251831
0.34655699133872986	0.17723745107650757	0.08319717645645142	0.08936518430709839	0.08936518430709839
0.3369620144367218	0.1862385869026184	0.08778584748506546	0.08294224739074707	0.08294224739074707
0.3506302535533905	0.16874924302101135	0.07974649220705032	0.08567743003368378	0.08567743003368378
0.34424757957458496	0.15312233567237854	0.07758225500583649	0.09487761557102203	0.09487761557102203
0.3454650938510895	0.1889115273952484	0.07630258798599243	0.0867934599518776	0.0867934599518776
0.34010249376296997	0.17589378356933594	0.0784769207239151	0.08411793410778046	0.08411793410778046
0.34904947876930237	0.1825229376554489	0.08211526274681091	0.08578641712665558	0.08578641712665558
0.3596096634864807	0.15337251126766205	0.08323940634727478	0.08414240181446075	0.08414240181446075
0.3620646297931671	0.16968360543251038	0.0845315083861351	0.08211542665958405	0.08211542665958405
0.36132168769836426	0.15246112644672394	0.08021878451108932	0.08280079811811447	0.08280079811811447
0.3477301001548767	0.1670893430709839	0.07865029573440552	0.08193118125200272	0.08193118125200272
0.3469774127006531	0.19263850152492523	0.07964663207530975	0.08403873443603516	0.08403873443603516
0.3514798879623413	0.17840203642845154	0.08162760734558105	0.08342500030994415	0.08342500030994415
0.34484460949897766	0.1922757923603058	0.08686843514442444	0.08514682203531265	0.08514682203531265
0.34189194440841675	0.17563246190547943	0.08462634682655334	0.08333465456962585	0.08333465456962585
0.3547263443470001	0.17680424451828003	0.08208289742469788	0.08666844666004181	0.08666844666004181
0.36725887656211853	0.1706637442111969	0.07746298611164093	0.08419696986675262	0.08419696986675262
0.3568243384361267	0.17165234684944153	0.07934572547674179	0.08633555471897125	0.08633555471897125
0.34195443987846375	0.1745627224445343	0.07870357483625412	0.08484864234924316	0.08484864234924316
0.3754254877567291	0.16929873824119568	0.07854877412319183	0.08402199298143387	0.08402199298143387
0.35304731130599976	0.17451828718185425	0.08012215048074722	0.08331961929798126	0.08331961929798126
0.3532097339630127	0.188879132270813	0.07932515442371368	0.08297114074230194	0.08297114074230194
0.3526880741119385	0.15614819526672363	0.07381404936313629	0.08324840664863586	0.08324840664863586
0.35608920454978943	0.17872026562690735	0.08176565170288086	0.08736486732959747	0.08736486732959747
0.3513759672641754	0.17674541473388672	0.08183351904153824	0.08474688231945038	0.08474688231945038
0.3617481589317322	0.16414259374141693	0.08371667563915253	0.08425268530845642	0.08425268530845642
0.35625895857810974	0.1663125604391098	0.08405701816082001	0.08291056752204895	0.08291056752204895
0.34742316603660583	0.17262744903564453	0.08551295101642609	0.08548729121685028	0.08548729121685028
0.35272538661956787	0.1594771146774292	0.08159206062555313	0.0841602087020874	0.0841602087020874
0.35608941316604614	0.17008769512176514	0.0789613351225853	0.09025322645902634	0.09025322645902634
0.35961294174194336	0.1663559079170227	0.078435018658638	0.08282983303070068	0.08282983303070068
0.3480495810508728	0.17386749386787415	0.0799039676785469	0.08241827040910721	0.08241827040910721
0.348349004983902	0.154552161693573	0.07727201282978058	0.0838545635342598	0.0838545635342598
0.34832945466041565	0.16684165596961975	0.0788428857922554	0.08168289810419083	0.08168289810419083
0.39967408776283264	0.20031017065048218	0.08409541845321655	0.09127125144004822	0.09127125144004822
0.37367764115333557	0.17473962903022766	0.07958001643419266	0.08217065781354904	0.08217065781354904
0.3605879545211792	0.17377981543540955	0.08195550739765167	0.08450498431921005	0.08450498431921005
0.3517613112926483	0.17737644910812378	0.08639305830001831	0.08767864108085632	0.08767864108085632
0.35345184803009033	0.18151554465293884	0.08746498078107834	0.08358392119407654	0.08358392119407654
0.36074525117874146	0.16916295886039734	0.08183667063713074	0.0867580771446228	0.0867580771446228
0.3780442178249359	0.16747668385505676	0.07660745829343796	0.08904720842838287	0.08904720842838287
0.34959056973457336	0.15683716535568237	0.07508314400911331	0.09169968217611313	0.09169968217611313
0.3527788817882538	0.16011083126068115	0.07905159145593643	0.08445024490356445	0.08445024490356445
0.3566374182701111	0.1717762053012848	0.08316892385482788	0.08304055035114288	0.08304055035114288
0.35249194502830505	0.1528337001800537	0.07629965990781784	0.08149436116218567	0.08149436116218567
0.3586905598640442	0.17658525705337524	0.08320732414722443	0.08210864663124084	0.08210864663124084
0.35555756092071533	0.17936331033706665	0.07885850965976715	0.08164107799530029	0.08164107799530029
0.35007423162460327	0.1663055419921875	0.07630833983421326	0.08243286609649658	0.08243286609649658
0.36617690324783325	0.18330958485603333	0.08186452090740204	0.08319512009620667	0.08319512009620667
0.3583781123161316	0.1919737011194229	0.08799242973327637	0.08430730551481247	0.08430730551481247
0.3590998351573944	0.17461450397968292	0.08944819122552872	0.08639048039913177	0.08639048039913177
0.3523481488227844	0.1862497478723526	0.0831974595785141	0.0890028104186058	0.0890028104186058
0.3479411005973816	0.16397546231746674	0.07249365001916885	0.09735945612192154	0.09735945612192154
0.3450718820095062	0.18237197399139404	0.07837223261594772	0.08380813151597977	0.08380813151597977
0.3570227026939392	0.1702042520046234	0.07443761825561523	0.08449438214302063	0.08449438214302063
0.36261051893234253	0.19328123331069946	0.08330509066581726	0.08963004499673843	0.08963004499673843
0.3421590328216553	0.18923327326774597	0.08261890709400177	0.08503515273332596	0.08503515273332596
0.3297278583049774	0.19117042422294617	0.08388910442590714	0.0857735276222229	0.0857735276222229
0.34095388650894165	0.19237998127937317	0.08034487068653107	0.08331537991762161	0.08331537991762161
0.3461531698703766	0.17622224986553192	0.08024843037128448	0.08503057807683945	0.08503057807683945
0.3536124527454376	0.16970326006412506	0.08285006135702133	0.08234275877475739	0.08234275877475739
0.3519171178340912	0.18649432063102722	0.08132478594779968	0.08353220671415329	0.08353220671415329
0.3501187860965729	0.18966980278491974	0.08311346173286438	0.08359478414058685	0.08359478414058685
0.3522699475288391	0.17577534914016724	0.08470182865858078	0.08344672620296478	0.08344672620296478
0.3586646020412445	0.1592470407485962	0.07905787974596024	0.09038008749485016	0.09038008749485016
0.36883363127708435	0.16583628952503204	0.07938415557146072	0.08348538726568222	0.08348538726568222
0.34624043107032776	0.16882869601249695	0.07650221139192581	0.0852661058306694	0.0852661058306694
0.35584959387779236	0.16886389255523682	0.07753883302211761	0.08286939561367035	0.08286939561367035
0.35230958461761475	0.16911770403385162	0.08229833096265793	0.08531390130519867	0.08531390130519867
0.348538875579834	0.17733120918273926	0.0821104571223259	0.08270302414894104	0.08270302414894104
0.356002539396286	0.1728978455066681	0.07819715142250061	0.08176007866859436	0.08176007866859436
0.35109278559684753	0.16787615418434143	0.074979767203331	0.08074618875980377	0.08074618875980377
0.3600083291530609	0.1680482029914856	0.08253184705972672	0.08245325833559036	0.08245325833559036
0.36166760325431824	0.18383407592773438	0.07917792350053787	0.08599099516868591	0.08599099516868591
0.3613506257534027	0.17439161241054535	0.08032618463039398	0.08227064460515976	0.08227064460515976
0.36014434695243835	0.1789798140525818	0.08339710533618927	0.08542067557573318	0.08542067557573318
0.34965622425079346	0.19342711567878723	0.08348270505666733	0.0853361189365387	0.0853361189365387
0.3471294045448303	0.16565343737602234	0.08106587082147598	0.08454769849777222	0.08454769849777222
0.3599017858505249	0.16648975014686584	0.07461697608232498	0.08732680231332779	0.08732680231332779
0.3484526574611664	0.1642988920211792	0.07848434895277023	0.082900770008564	0.082900770008564
0.3716699779033661	0.15013936161994934	0.08161554485559464	0.08228372037410736	0.08228372037410736
0.36144739389419556	0.17272883653640747	0.07773458957672119	0.08355730026960373	0.08355730026960373
0.35200756788253784	0.18404090404510498	0.08143334090709686	0.08341952413320541	0.08341952413320541
0.3512534499168396	0.17222823202610016	0.08978687226772308	0.08928049355745316	0.08928049355745316
0.3410782814025879	0.17788468301296234	0.08210461586713791	0.08416609466075897	0.08416609466075897
0.3356354534626007	0.17561933398246765	0.07973545044660568	0.08320934325456619	0.08320934325456619
0.3446357846260071	0.18211106956005096	0.07960851490497589	0.08290889114141464	0.08290889114141464
0.34671294689178467	0.1683388650417328	0.08168474584817886	0.08297677338123322	0.08297677338123322
0.35695934295654297	0.18187907338142395	0.0861673578619957	0.08264102786779404	0.08264102786779404
0.35959750413894653	0.15883326530456543	0.07754159718751907	0.09089800715446472	0.09089800715446472
0.3544398546218872	0.16708607971668243	0.07532677799463272	0.0946846753358841	0.0946846753358841
0.3533209562301636	0.1759871542453766	0.07686775922775269	0.08454595506191254	0.08454595506191254
0.3483662009239197	0.1778915673494339	0.08076311647891998	0.08823481947183609	0.08823481947183609
0.35696858167648315	0.1883716583251953	0.07916804403066635	0.08357682824134827	0.08357682824134827
0.3576027750968933	0.1978045403957367	0.08239395916461945	0.08619076013565063	0.08619076013565063
0.35098204016685486	0.17183607816696167	0.07817781716585159	0.0846312865614891	0.0846312865614891
0.3647547960281372	0.17881843447685242	0.08101963251829147	0.08420497179031372	0.08420497179031372
0.33655330538749695	0.17600098252296448	0.08161770552396774	0.08314161002635956	0.08314161002635956
0.35106003284454346	0.17506951093673706	0.0826110988855362	0.08383429050445557	0.08383429050445557
0.34652259945869446	0.18866576254367828	0.08834630995988846	0.0952259749174118	0.0952259749174118
0.34933724999427795	0.1886274218559265	0.08993159234523773	0.09724290668964386	0.09724290668964386
0.3574635982513428	0.17252135276794434	0.07838496565818787	0.09902670234441757	0.09902670234441757
0.35048890113830566	0.16683688759803772	0.08080688118934631	0.08815523982048035	0.08815523982048035
0.3388332724571228	0.1915265917778015	0.07994141429662704	0.08642846345901489	0.08642846345901489
0.34379449486732483	0.17029154300689697	0.08008450269699097	0.08448256552219391	0.08448256552219391
0.3377719223499298	0.1707642376422882	0.08053524047136307	0.0836835727095604	0.0836835727095604
0.3614543080329895	0.17079167068004608	0.0854392722249031	0.08358685672283173	0.08358685672283173
0.3546358644962311	0.1808682382106781	0.08305524289608002	0.08527720719575882	0.08527720719575882
0.3584944009780884	0.17442262172698975	0.08226370811462402	0.08165869116783142	0.08165869116783142
0.35669568181037903	0.16507002711296082	0.07983680814504623	0.0828373059630394	0.0828373059630394
0.3543367385864258	0.16949090361595154	0.08086995780467987	0.08243370056152344	0.08243370056152344
0.3522559702396393	0.1755026876926422	0.08812571316957474	0.08348879963159561	0.08348879963159561
0.3459520637989044	0.17313390970230103	0.08417639881372452	0.08469398319721222	0.08469398319721222
0.35057222843170166	0.16766899824142456	0.07958344370126724	0.08943501859903336	0.08943501859903336
0.36849525570869446	0.16968640685081482	0.07867661863565445	0.08362951874732971	0.08362951874732971
0.3694632947444916	0.17163175344467163	0.07498076558113098	0.08524348586797714	0.08524348586797714
0.350637823343277	0.17079496383666992	0.0823199450969696	0.08429332077503204	0.08429332077503204
0.3463417589664459	0.2033836841583252	0.08174202591180801	0.08300123363733292	0.08300123363733292
0.3439517617225647	0.16120749711990356	0.07874342799186707	0.08312422782182693	0.08312422782182693
0.34083637595176697	0.17669695615768433	0.07843699306249619	0.08583209663629532	0.08583209663629532
0.3605442941188812	0.17351031303405762	0.0773233100771904	0.08552739769220352	0.08552739769220352
0.357777863740921	0.17787805199623108	0.08832483738660812	0.08740054070949554	0.08740054070949554
0.3512505888938904	0.22392705082893372	0.10383093357086182	0.10036557912826538	0.10036557912826538
0.34127146005630493	0.19004341959953308	0.10060194879770279	0.08792483806610107	0.08792483806610107
0.3522871136665344	0.19490161538124084	0.09101156890392303	0.08761640638113022	0.08761640638113022
0.36388641595840454	0.1858036071062088	0.08595804125070572	0.08822766691446304	0.08822766691446304
0.3499417304992676	0.17133277654647827	0.08260747790336609	0.09023525565862656	0.09023525565862656
0.3518480956554413	0.17673787474632263	0.07811245322227478	0.0903729721903801	0.0903729721903801
0.35557350516319275	0.17066919803619385	0.08355201780796051	0.08516734838485718	0.08516734838485718
0.3591963052749634	0.16546958684921265	0.0826752707362175	0.08493002504110336	0.08493002504110336
0.37830421328544617	0.1663745641708374	0.08041297644376755	0.0847703292965889	0.0847703292965889
0.35572710633277893	0.16147923469543457	0.07939138263463974	0.0823730081319809	0.0823730081319809
0.3584069013595581	0.1756223887205124	0.07912526279687881	0.08723246306180954	0.08723246306180954
0.35511356592178345	0.18019148707389832	0.08160476386547089	0.08469927310943604	0.08469927310943604
0.35630327463150024	0.19623294472694397	0.08433090895414352	0.08305604755878448	0.08305604755878448
0.3693799674510956	0.17844641208648682	0.08585196733474731	0.08598519116640091	0.08598519116640091
0.34713226556777954	0.1871446669101715	0.08577501773834229	0.0854630097746849	0.0854630097746849
0.36120638251304626	0.1678868532180786	0.08509030193090439	0.08781637996435165	0.08781637996435165
0.36137041449546814	0.16957269608974457	0.08698085695505142	0.0931895524263382	0.0931895524263382
0.3751522898674011	0.17291057109832764	0.08856983482837677	0.11685404926538467	0.11685404926538467
0.3831321597099304	0.20261555910110474	0.09092624485492706	0.1012154296040535	0.1012154296040535
0.35847747325897217	0.1868937909603119	0.09393779188394547	0.09060770273208618	0.09060770273208618
0.36137086153030396	0.17968332767486572	0.08785849064588547	0.08827422559261322	0.08827422559261322
0.360186904668808	0.17148488759994507	0.08811409026384354	0.09481675177812576	0.09481675177812576
0.3492545783519745	0.19013327360153198	0.08771193027496338	0.09151560068130493	0.09151560068130493
0.3564088046550751	0.19748014211654663	0.08470890671014786	0.09383302927017212	0.09383302927017212
0.3445762097835541	0.19267016649246216	0.08925330638885498	0.08947771042585373	0.08947771042585373
0.34607556462287903	0.21788454055786133	0.08902910351753235	0.08714908361434937	0.08714908361434937
0.35435688495635986	0.1944669485092163	0.08952131867408752	0.08575829118490219	0.08575829118490219
0.35726770758628845	0.18366000056266785	0.07833556830883026	0.08900200575590134	0.08900200575590134
0.35102322697639465	0.15543504059314728	0.07454749941825867	0.09053607285022736	0.09053607285022736
0.35293343663215637	0.1607239842414856	0.07437219470739365	0.0858345478773117	0.0858345478773117
0.3464867174625397	0.18442291021347046	0.07708326727151871	0.08371619880199432	0.08371619880199432
0.3508511781692505	0.1701107919216156	0.08091292530298233	0.08657131344079971	0.08657131344079971
0.3301633596420288	0.17478349804878235	0.07835738360881805	0.083783820271492	0.083783820271492
0.3689558804035187	0.21083970367908478	0.08536957204341888	0.09182494133710861	0.09182494133710861
0.3729437589645386	0.18369168043136597	0.08542072772979736	0.08992252498865128	0.08992252498865128
0.3649499714374542	0.1792755126953125	0.08226228505373001	0.08935997635126114	0.08935997635126114
0.3495054841041565	0.16629177331924438	0.08643622696399689	0.08680586516857147	0.08680586516857147
0.35575562715530396	0.17930763959884644	0.08957307785749435	0.09049174934625626	0.09049174934625626
0.34655749797821045	0.18452508747577667	0.08525785058736801	0.08615411072969437	0.08615411072969437
0.34797728061676025	0.17044450342655182	0.08917000889778137	0.0855524018406868	0.0855524018406868
0.35242170095443726	0.1650748997926712	0.08049214631319046	0.09800440073013306	0.09800440073013306
0.35451167821884155	0.19147486984729767	0.0845353826880455	0.08967529982328415	0.08967529982328415
0.3649730384349823	0.17736734449863434	0.07933668792247772	0.09211814403533936	0.09211814403533936
0.3460078835487366	0.18248330056667328	0.08838387578725815	0.09027297049760818	0.09027297049760818
0.3520619869232178	0.1768116056919098	0.08417949080467224	0.08455811440944672	0.08455811440944672
0.3537082374095917	0.1854945421218872	0.08553223311901093	0.08569164574146271	0.08569164574146271
0.35043132305145264	0.1844564825296402	0.08294448256492615	0.08456703275442123	0.08456703275442123
0.3391939103603363	0.17181499302387238	0.08154112100601196	0.08292428404092789	0.08292428404092789
0.34755125641822815	0.17848581075668335	0.08215541392564774	0.08312071859836578	0.08312071859836578
0.3445010483264923	0.18392930924892426	0.08140084147453308	0.08459941297769547	0.08459941297769547
